{
  "initialization_time_control": 0.13493824005126953,
  "execution_time_control": 158.89165353775024,
  "total_time": 159.0265917778015
}