{
  "initialization_time_control": 0.13576912879943848,
  "execution_time_control": 78.86145067214966,
  "total_time": 78.9972198009491
}