{
  "initialization_time_control": 0.1353602409362793,
  "execution_time_control": 31.5090434551239,
  "total_time": 31.64440369606018
}