{
  "initialization_time_control": 0.1347367763519287,
  "execution_time_control": 35.7441668510437,
  "total_time": 35.87890362739563
}