{
  "initialization_time_control": 0.13489532470703125,
  "execution_time_control": 92.00568914413452,
  "total_time": 92.14058446884155
}