{
  "initialization_time_control": 0.13556385040283203,
  "execution_time_control": 104.78382921218872,
  "total_time": 104.91939306259155
}