{
  "initialization_time_planning": 0.16591787338256836,
  "execution_time_planning": 41.23436450958252,
  "total_time": 41.40028238296509
}